firstName,lastName,phone,companyName,address1,tags,customField.category,customField.rating,customField.review_count,customField.phone_type,customField.pitch_hook
,,+441619646767,The Shady Oak,"Redford Dr, Bramhall, Stockport SK7 3PG, United Kingdom","no-website,landline,cat-restaurants,bramhall-sk7,high-reviews",restaurants,4.2,192,landline,Your 192 Google reviews show customers love you — imagine if they could find a proper website too
,,+447456839629,MAX DRIVING SCHOOL,,"no-website,mobile,cat-driving-instructors,bramhall-sk7,high-reviews,high-rating",driving instructors,5,186,mobile,Your 186 Google reviews show customers love you — imagine if they could find a proper website too
,,+441614854139,Stables Kitchen,"Stables kitchen, Hall Rd, Bramhall, Stockport SK7 3NX, United Kingdom","no-website,landline,cat-restaurants,bramhall-sk7,high-reviews",restaurants,3.5,167,landline,Your 167 Google reviews show customers love you — imagine if they could find a proper website too
,,+441614399653,The Little Hideout Cafe,"53 N Park Rd, Bramhall, Stockport SK7 3LQ, United Kingdom","no-website,landline,cat-restaurants,bramhall-sk7,high-reviews,high-rating",restaurants,4.8,158,landline,Your 158 Google reviews show customers love you — imagine if they could find a proper website too
,,+447306438010,Select Plastering Solutions,"Tiree Cl, Hazel Grove, Stockport SK7 6AY, United Kingdom","no-website,mobile,cat-plasterers,bramhall-sk7,high-reviews,high-rating",plasterers,5,130,mobile,Your 130 Google reviews show customers love you — imagine if they could find a proper website too
,,+447791661531,OJ driving school,"63 Long Croft Ln, Cheadle Hulme, Cheadle SK8 6SE, United Kingdom","no-website,mobile,cat-driving-instructors,bramhall-sk7,high-reviews,high-rating",driving instructors,4.9,124,mobile,Your 124 Google reviews show customers love you — imagine if they could find a proper website too
,,+447903135170,Future School of Motoring automatic and manual. .,"Kennerley Rd, Stockport SK2, United Kingdom","no-website,mobile,cat-driving-instructors,bramhall-sk7,high-reviews,high-rating",driving instructors,5,116,mobile,Your 116 Google reviews show customers love you — imagine if they could find a proper website too
,,+447515631077,The Lash and Brow Lab,"Beaumaris Cres, Hazel Grove, Stockport SK7 5NG, United Kingdom","no-website,mobile,cat-beauty-salons,bramhall-sk7,high-reviews,high-rating",beauty salons,5,107,mobile,Your 107 Google reviews show customers love you — imagine if they could find a proper website too
,,+441614839760,L M C Auto's,"Lake St, Stockport SK2 7NU, United Kingdom","no-website,landline,cat-car-mechanics,bramhall-sk7,high-reviews,high-rating",car mechanics,4.8,91,landline,Your 91 Google reviews show customers love you — imagine if they could find a proper website too
,,+441613022887,Marjoe's,"18 Bramhall Ln S, Bramhall, Stockport SK7 1AF, United Kingdom","no-website,landline,cat-restaurants,bramhall-sk7,high-reviews,high-rating",restaurants,4.8,88,landline,Your 88 Google reviews show customers love you — imagine if they could find a proper website too
,,+447903831920,Dani Driving School AUTOMATIC,"Cheadle Hulme, Cheadle SK8 6NN, United Kingdom","no-website,mobile,cat-driving-instructors,bramhall-sk7,high-reviews,high-rating",driving instructors,5,83,mobile,Your 83 Google reviews show customers love you — imagine if they could find a proper website too
,,+447919903519,Anoushka Brow & Lash,"6a Fir Rd, Bramhall, Stockport SK7 2NP, United Kingdom","no-website,mobile,cat-beauty-salons,bramhall-sk7,high-reviews,high-rating",beauty salons,5,65,mobile,Your 65 Google reviews show customers love you — imagine if they could find a proper website too
,,+441614396646,The Dog Spa Bramhall,"14 Fir Rd, Bramhall, Stockport SK7 2NP, United Kingdom","no-website,landline,cat-dog-groomers,bramhall-sk7,high-reviews,high-rating",dog groomers,4.7,55,landline,Your 55 Google reviews show customers love you — imagine if they could find a proper website too
,,+447380434040,FASTFIXER,"14 Birkdale Cl, Bramhall, Stockport SK7 2LN, United Kingdom","no-website,mobile,cat-gardeners,bramhall-sk7,high-reviews,high-rating",gardeners,5,55,mobile,Your 55 Google reviews show customers love you — imagine if they could find a proper website too
,,+447597762844,AC Plastering & Renovation contractors,"13 Davenport Ldg, Bramhall Ln, Davenport, Cheshire, Stockport SK3 8SA, United Kingdom","no-website,mobile,cat-plasterers,bramhall-sk7,high-reviews,high-rating",plasterers,4.9,55,mobile,Your 55 Google reviews show customers love you — imagine if they could find a proper website too
,,+447393031910,C-H Autoworks ltd,"Warren Rd, Cheadle Hulme, Cheadle SK8 5AA, United Kingdom","no-website,mobile,cat-car-mechanics,bramhall-sk7,high-reviews,high-rating",car mechanics,5,54,mobile,Your 54 Google reviews show customers love you — imagine if they could find a proper website too
,,+441614397170,Ryan Jake,"6 Ack Ln E, Bramhall, Stockport SK7 2BY, United Kingdom","no-website,landline,cat-hair-salons,bramhall-sk7,high-reviews,high-rating",hair salons,4.8,48,landline,Your 48 Google reviews show customers love you — imagine if they could find a proper website too
,,+447704249020,Greg's Brush Strokes,"3 Tatton Cl, Stockport SK8 2LZ, United Kingdom","no-website,mobile,cat-painters-and-decorators,bramhall-sk7,high-reviews,high-rating",painters and decorators,5,43,mobile,Your 43 Google reviews show customers love you — imagine if they could find a proper website too
,,+441614394842,Whitehouse Dental Practice,"11 Ack Ln E, Bramhall, Stockport SK7 2BE, United Kingdom","no-website,landline,cat-dentists,bramhall-sk7,high-reviews",dentists,3.6,40,landline,Your 40 Google reviews show customers love you — imagine if they could find a proper website too
,,+447795595310,Drive-Pro Driving School - Stockport,,"no-website,mobile,cat-driving-instructors,bramhall-sk7,high-reviews,high-rating",driving instructors,5,40,mobile,Your 40 Google reviews show customers love you — imagine if they could find a proper website too
,,+447778816903,Me Time Beauty Therapy,"Pepper House, Business Centre, 1 Pepper Rd, Hazel Grove, Stockport SK7 5DP, United Kingdom","no-website,mobile,cat-beauty-salons,bramhall-sk7,high-reviews,high-rating",beauty salons,5,38,mobile,Your 38 Google reviews show customers love you — imagine if they could find a proper website too
,,+441614852464,Pete Lenton Car Trimmers,"Anfield Rd, Cheadle Hulme, Cheadle SK8 5EX, United Kingdom","no-website,landline,cat-car-mechanics,bramhall-sk7,high-reviews,high-rating",car mechanics,4.9,37,landline,Your 37 Google reviews show customers love you — imagine if they could find a proper website too
,,+441614394664,Scissor cut,"12c Woodford Rd, Bramhall, Stockport SK7 1JJ, United Kingdom","no-website,landline,cat-hair-salons,bramhall-sk7,high-reviews,high-rating",hair salons,4.8,36,landline,Your 36 Google reviews show customers love you — imagine if they could find a proper website too
,,+447941574755,Stu Marsland Driving School,"38 Broadway, Stockport SK2 5SN, United Kingdom","no-website,mobile,cat-driving-instructors,bramhall-sk7,high-reviews,high-rating",driving instructors,5,35,mobile,Your 35 Google reviews show customers love you — imagine if they could find a proper website too
,,+447919991711,SK AUTOS,"21 Demmings Rd, Cheadle SK8 2PE, United Kingdom","no-website,mobile,cat-car-mechanics,bramhall-sk7,high-reviews,high-rating",car mechanics,4.9,33,mobile,Your 33 Google reviews show customers love you — imagine if they could find a proper website too
,,+447963396432,The Potting Shed,"Gillbent Rd, Cheadle Hulme, Cheadle SK8 7LE, United Kingdom","no-website,mobile,cat-gardeners,bramhall-sk7,high-reviews,high-rating",gardeners,4.8,33,mobile,Your 33 Google reviews show customers love you — imagine if they could find a proper website too
,,+447891132896,Sorbus Services,"Oak Grove, Poynton, Stockport SK12 1AE, United Kingdom","no-website,mobile,cat-landscapers,bramhall-sk7,high-reviews",landscapers,4.2,31,mobile,Your 31 Google reviews show customers love you — imagine if they could find a proper website too
,,+447944444082,Alexander’s Painters&Decorators,"64 Grange Rd, Bramhall, Stockport SK7 3BD, United Kingdom","no-website,mobile,cat-painters-and-decorators,bramhall-sk7,high-reviews,high-rating",painters and decorators,5,31,mobile,Your 31 Google reviews show customers love you — imagine if they could find a proper website too
,,+441614852464,Brian Thomas AutoTrim,"Unit 4 Anfield Rd, Cheadle Hulme, Cheshire, Cheadle SK8 5EX, United Kingdom","no-website,landline,cat-car-mechanics,bramhall-sk7,high-reviews,high-rating",car mechanics,5,26,landline,Your 26 Google reviews show customers love you — imagine if they could find a proper website too
,,+447849319758,Poles Apart Window Cleaners,"2 Stalmine Ave, Heald Green, Cheadle SK8 3JG, United Kingdom","no-website,mobile,cat-window-cleaners,bramhall-sk7,high-reviews,high-rating",window cleaners,4.9,23,mobile,Your 23 Google reviews show customers love you — imagine if they could find a proper website too
,,+447729214674,Ben Ware - Heating Engineer,"Meadow Croft, Hazel Grove, Stockport SK7 4ND, United Kingdom","no-website,mobile,cat-heating-engineers,bramhall-sk7,high-reviews,high-rating",heating engineers,5,22,mobile,Your 22 Google reviews show customers love you — imagine if they could find a proper website too
,,+447899266284,Win Win Decoration UK LTD,"145 Crossefield Rd, Cheadle Hulme, Cheadle SK8 5PF, United Kingdom","no-website,mobile,cat-painters-and-decorators,bramhall-sk7,high-reviews,high-rating",painters and decorators,5,22,mobile,Your 22 Google reviews show customers love you — imagine if they could find a proper website too
,,+441614393883,JC Scissors,"57 N Park Rd, Bramhall, Stockport SK7 3LQ, United Kingdom","no-website,landline,cat-hair-salons,bramhall-sk7,high-reviews,high-rating",hair salons,4.6,21,landline,Your 21 Google reviews show customers love you — imagine if they could find a proper website too
,,+447916484709,Complete Garden Solutions,,"no-website,mobile,cat-gardeners,bramhall-sk7,high-reviews,high-rating",gardeners,4.8,21,mobile,Your 21 Google reviews show customers love you — imagine if they could find a proper website too
,,+441614836161,MOT Express,"11A Poplar Grove, Stockport SK2 7JD, United Kingdom","no-website,landline,cat-car-mechanics,bramhall-sk7",car mechanics,4.1,19,landline,Local customers are searching for car mechanics in Bramhall — a simple website helps them find you
,,+447595838173,Youngs Windows & Gutter Cleaning,,"no-website,mobile,cat-window-cleaners,bramhall-sk7,high-rating",window cleaners,5,19,mobile,"With a 5-star rating, your reputation speaks for itself — a website would make it even easier for new customers to find you"
,,+447850260907,0161 VW Roofing,,"no-website,mobile,cat-roofers,bramhall-sk7,high-rating",roofers,5,18,mobile,"With a 5-star rating, your reputation speaks for itself — a website would make it even easier for new customers to find you"
,,+447807785235,Laura Ellen Hair,"15 Woodford Rd, Bramhall, Stockport SK7 1JN, United Kingdom","no-website,mobile,cat-hair-salons,bramhall-sk7,high-rating",hair salons,5,17,mobile,"With a 5-star rating, your reputation speaks for itself — a website would make it even easier for new customers to find you"
,,+447702458811,J.P Mobile Mechanic Stockport,,"no-website,mobile,cat-car-mechanics,bramhall-sk7,high-rating",car mechanics,4.8,17,mobile,"With a 4.8-star rating, your reputation speaks for itself — a website would make it even easier for new customers to find you"
,,+441614390022,Cielo Beauty Salon & Academy,"Dorchester Parade, 7, Hazel Grove, Stockport SK7 5HA, United Kingdom","no-website,landline,cat-beauty-salons,bramhall-sk7,high-rating",beauty salons,4.9,16,landline,"With a 4.9-star rating, your reputation speaks for itself — a website would make it even easier for new customers to find you"
,,+441615291002,Famous Garden UK,"Unit 5a, Longfield Farm, Bramhall, Stockport SK7 1RB, United Kingdom","no-website,landline,cat-gardeners,bramhall-sk7,high-rating",gardeners,5,16,landline,"With a 5-star rating, your reputation speaks for itself — a website would make it even easier for new customers to find you"
,,+447900128778,WM Window Cleaning Services,,"no-website,mobile,cat-window-cleaners,bramhall-sk7,high-rating",window cleaners,5,14,mobile,"With a 5-star rating, your reputation speaks for itself — a website would make it even easier for new customers to find you"
,,+441625878060,Mike Dempsey Pest Control,"Wensley Dr, Hazel Grove, Stockport SK7 6EW, United Kingdom","no-website,landline,cat-pest-control,bramhall-sk7,high-rating",pest control,4.7,14,landline,"With a 4.7-star rating, your reputation speaks for itself — a website would make it even easier for new customers to find you"
,,+441614398711,Andertons Nurseries,"38 Hall Moss Ln, Bramhall, Stockport SK7 1RD, United Kingdom","no-website,landline,cat-gardeners,bramhall-sk7,high-rating",gardeners,4.9,13,landline,"With a 4.9-star rating, your reputation speaks for itself — a website would make it even easier for new customers to find you"
,,+447979158476,Ambition2drive Automatic driving lessons,"32 Mayorlowe Ave, Stockport SK5 8DB, United Kingdom","no-website,mobile,cat-driving-instructors,bramhall-sk7,high-rating",driving instructors,5,13,mobile,"With a 5-star rating, your reputation speaks for itself — a website would make it even easier for new customers to find you"
,,+441616373533,Studio No.4,"4a Woodford Rd, Bramhall, Stockport SK7 1JJ, United Kingdom","no-website,landline,cat-hair-salons,bramhall-sk7,high-rating",hair salons,5,12,landline,"With a 5-star rating, your reputation speaks for itself — a website would make it even easier for new customers to find you"
,,+441614397266,Auto Body Repairs Of Bramhall,"Unit 1, Bramhall, Stockport SK7 2JX, United Kingdom","no-website,landline,cat-car-mechanics,bramhall-sk7",car mechanics,4.3,12,landline,Local customers are searching for car mechanics in Bramhall — a simple website helps them find you
,,+441617101990,Davies and Fletcher Plumbing and Heating,,"no-website,landline,cat-plumbers,bramhall-sk7,high-rating",plumbers,4.8,12,landline,"With a 4.8-star rating, your reputation speaks for itself — a website would make it even easier for new customers to find you"
,,+447908494141,Wilds Window Cleaning,"44 Woods Ln, Cheadle Hulme, Cheadle SK8 7JX, United Kingdom","no-website,mobile,cat-window-cleaners,bramhall-sk7,high-rating",window cleaners,5,12,mobile,"With a 5-star rating, your reputation speaks for itself — a website would make it even easier for new customers to find you"
,,+441614855656,The Beauty Lounge,"19a Gillbent Rd, Cheadle Hulme, Cheadle SK8 7LE, United Kingdom","no-website,landline,cat-beauty-salons,bramhall-sk7,high-rating",beauty salons,5,10,landline,"With a 5-star rating, your reputation speaks for itself — a website would make it even easier for new customers to find you"
,,+447834851364,CPS Plumbing & Bathrooms,,"no-website,mobile,cat-plumbers,bramhall-sk7,high-rating",plumbers,5,10,mobile,"With a 5-star rating, your reputation speaks for itself — a website would make it even easier for new customers to find you"
,,+447563770693,bramhall handyman co,"74 N Park Rd, Bramhall, Stockport SK7 3LQ, United Kingdom","no-website,mobile,cat-handymen,bramhall-sk7,high-rating",handymen,5,9,mobile,"With a 5-star rating, your reputation speaks for itself — a website would make it even easier for new customers to find you"
,,+441614835208,CHF Autos,"6d Lowick Cl, Hazel Grove, Stockport SK7 5ED, United Kingdom","no-website,landline,cat-car-mechanics,bramhall-sk7,high-rating",car mechanics,4.7,7,landline,"With a 4.7-star rating, your reputation speaks for itself — a website would make it even easier for new customers to find you"
,,+447510360394,NH AUTOMOTIV3 LTD - MOBILE MECHANIC STOCKPORT MANCHESTER,,"no-website,mobile,cat-car-mechanics,bramhall-sk7",car mechanics,3.9,7,mobile,Local customers are searching for car mechanics in Bramhall — a simple website helps them find you
,,+441614409682,Academy by Ashleigh,"49 Dairyground Rd, Bramhall, Stockport SK7 2QW, United Kingdom","no-website,landline,cat-beauty-salons,bramhall-sk7,high-rating",beauty salons,4.7,6,landline,"With a 4.7-star rating, your reputation speaks for itself — a website would make it even easier for new customers to find you"
,,+441614916766,Scorpio Motors,"Unit 2A/Brook House/Demmings Rd, Cheadle SK8 2PE, United Kingdom","no-website,landline,cat-car-mechanics,bramhall-sk7,high-rating",car mechanics,4.7,6,landline,"With a 4.7-star rating, your reputation speaks for itself — a website would make it even easier for new customers to find you"
,,+447979608782,Luke's Gardening Services,,"no-website,mobile,cat-gardeners,bramhall-sk7,high-rating",gardeners,5,6,mobile,"With a 5-star rating, your reputation speaks for itself — a website would make it even easier for new customers to find you"
,,+447769780210,Gap Garden And Tree Care,,"no-website,mobile,cat-gardeners,bramhall-sk7",gardeners,4.3,6,mobile,Local customers are searching for gardeners in Bramhall — a simple website helps them find you
,,+441614393935,Alison Preston,"Unit 3, 30 Bramhall Ln S, Bramhall, Stockport SK7 1AH, United Kingdom","no-website,landline,cat-hair-salons,bramhall-sk7,high-rating",hair salons,5,5,landline,"With a 5-star rating, your reputation speaks for itself — a website would make it even easier for new customers to find you"
,,+441614394661,HeatWave Gas & Heating Engineers,"1 Pepper Rd, Hazel Grove, Cheshire, Stockport SK7 5DP, United Kingdom","no-website,landline,cat-heating-engineers,bramhall-sk7",heating engineers,1.8,5,landline,Local customers are searching for heating engineers in Bramhall — a simple website helps them find you
,,+441612960470,S W S Window Cleaning Services,"8 Criterion St, Stockport SK5 6SA, United Kingdom","no-website,landline,cat-window-cleaners,bramhall-sk7,high-rating",window cleaners,5,5,landline,"With a 5-star rating, your reputation speaks for itself — a website would make it even easier for new customers to find you"
,,+447432013102,The Olive Lounge,"22, The Bramhall Centre, Bramhall Ln S, Bramhall, Stockport SK7 1AW, United Kingdom","no-website,mobile,cat-restaurants,bramhall-sk7,high-rating",restaurants,5,4,mobile,"With a 5-star rating, your reputation speaks for itself — a website would make it even easier for new customers to find you"
,,+441614290600,Collins Landscape Gardeners Ltd,"Unit 2, hammond court, Hammond Ave, Stockport SK4 1PQ, United Kingdom","no-website,landline,cat-landscapers,bramhall-sk7",landscapers,4,4,landline,Local customers are searching for landscapers in Bramhall — a simple website helps them find you
,,+447879338438,Condor Roofing Ltd,"17 Grebe Walk, Stockport SK2 5UT, United Kingdom","no-website,mobile,cat-roofers,bramhall-sk7,high-rating",roofers,5,4,mobile,"With a 5-star rating, your reputation speaks for itself — a website would make it even easier for new customers to find you"
,,+447375500131,AB Window Cleaning,"2 Marlborough Ave, Cheadle Hulme, Cheadle SK8 7AW, United Kingdom","no-website,mobile,cat-window-cleaners,bramhall-sk7",window cleaners,4,4,mobile,Local customers are searching for window cleaners in Bramhall — a simple website helps them find you
,,+447811086220,Oakland Paving and driveways,"23 Oak Grove, Poynton, Stockport SK12 1AD, United Kingdom","no-website,mobile,cat-driveway-contractors,bramhall-sk7,high-rating",driveway contractors,5,4,mobile,"With a 5-star rating, your reputation speaks for itself — a website would make it even easier for new customers to find you"
,,+447760257650,Honey Rose Floral Designs,"374 Buxton Rd, Stockport SK2 7BY, United Kingdom","no-website,mobile,cat-florists,bramhall-sk7,high-rating",florists,5,3,mobile,"With a 5-star rating, your reputation speaks for itself — a website would make it even easier for new customers to find you"
,,+447903983692,West Heating & Plumbing Services,"11 Dairyground Rd, Bramhall, Stockport SK7 2HW, United Kingdom","no-website,mobile,cat-heating-engineers,bramhall-sk7,high-rating",heating engineers,5,3,mobile,"With a 5-star rating, your reputation speaks for itself — a website would make it even easier for new customers to find you"
,,+441614407176,D N Gregory,"6 Princes Walk, Bramhall, Stockport SK7 2LS, United Kingdom","no-website,landline,cat-gardeners,bramhall-sk7,high-rating",gardeners,4.7,3,landline,"With a 4.7-star rating, your reputation speaks for itself — a website would make it even easier for new customers to find you"
,,+447466069140,Robins Perch Bramhall,"25 Tenement Ln, Bramhall, Stockport SK7 3JY, United Kingdom","no-website,mobile,cat-gardeners,bramhall-sk7,high-rating",gardeners,5,3,mobile,"With a 5-star rating, your reputation speaks for itself — a website would make it even easier for new customers to find you"
,,+441614831638,JLC Driving School,"6 Gordon Ave, Hazel Grove, Stockport SK7 4EE, United Kingdom","no-website,landline,cat-driving-instructors,bramhall-sk7,high-rating",driving instructors,5,3,landline,"With a 5-star rating, your reputation speaks for itself — a website would make it even easier for new customers to find you"
,,+441614866223,Direct Roofing,,"no-website,landline,cat-roofers,bramhall-sk7,high-rating",roofers,5,3,landline,"With a 5-star rating, your reputation speaks for itself — a website would make it even easier for new customers to find you"
,,+447923290989,Edgeley roofing services ltd,,"no-website,mobile,cat-roofers,bramhall-sk7,high-rating",roofers,5,3,mobile,"With a 5-star rating, your reputation speaks for itself — a website would make it even easier for new customers to find you"
,,+447791784725,T B Property & Gardening Services,"3 Fairfield Ave, Cheadle Hulme, Cheadle SK8 6AF, United Kingdom","no-website,mobile,cat-landscapers,bramhall-sk7,high-rating",landscapers,5,3,mobile,"With a 5-star rating, your reputation speaks for itself — a website would make it even easier for new customers to find you"
,,+447837207590,Vic and Ben window cleaning,"2 The Circuit, Cheadle Hulme, Cheadle SK8 7LG, United Kingdom","no-website,mobile,cat-window-cleaners,bramhall-sk7,high-rating",window cleaners,5,3,mobile,"With a 5-star rating, your reputation speaks for itself — a website would make it even easier for new customers to find you"
,,+447902761994,Divine Nails & Beauty,"2 Lumb Ln, Bramhall, Stockport SK7 2BA, United Kingdom","no-website,mobile,cat-beauty-salons,bramhall-sk7,high-rating",beauty salons,5,2,mobile,"With a 5-star rating, your reputation speaks for itself — a website would make it even easier for new customers to find you"
,,+441614394506,Bramhall Flowers,"10A Ack Ln E, Bramhall, Stockport SK7 2BY, United Kingdom","no-website,landline,cat-florists,bramhall-sk7,high-rating",florists,5,2,landline,"With a 5-star rating, your reputation speaks for itself — a website would make it even easier for new customers to find you"
,,+447772611751,AJS Motor Vehicle Services,"6 Hampstead Dr, Stockport SK2 7QJ, United Kingdom","no-website,mobile,cat-car-mechanics,bramhall-sk7,high-rating",car mechanics,5,2,mobile,"With a 5-star rating, your reputation speaks for itself — a website would make it even easier for new customers to find you"
,,+447763355772,Restart,"Meadow Brook Way, Cheadle Hulme, Stockport, Cheadle SK8 5NU, United Kingdom","no-website,mobile,cat-car-mechanics,bramhall-sk7,high-rating",car mechanics,5,2,mobile,"With a 5-star rating, your reputation speaks for itself — a website would make it even easier for new customers to find you"
,,+447875590585,P A B Electrical Services,"35 Stirling Ave, Hazel Grove, Stockport SK7 5LX, United Kingdom","no-website,mobile,cat-electricians,bramhall-sk7",electricians,4,2,mobile,Local customers are searching for electricians in Bramhall — a simple website helps them find you
,,+447733384392,Helen's Pass Class,"202A Bramhall Moor Ln, Hazel Grove, Stockport SK7 5JJ, United Kingdom","no-website,mobile,cat-driving-instructors,bramhall-sk7",driving instructors,3,2,mobile,Local customers are searching for driving instructors in Bramhall — a simple website helps them find you
,,+447545627996,AK Fitness,"Ack Ln E, Bramhall Ln S, Bramhall, Stockport SK7 1AW, United Kingdom","no-website,mobile,cat-personal-trainers,bramhall-sk7,high-rating",personal trainers,5,2,mobile,"With a 5-star rating, your reputation speaks for itself — a website would make it even easier for new customers to find you"
,,+441613555465,Roof Pride,"120 Lunedale Grn, Stockport SK2 5LR, United Kingdom","no-website,landline,cat-roofers,bramhall-sk7,high-rating",roofers,5,2,landline,"With a 5-star rating, your reputation speaks for itself — a website would make it even easier for new customers to find you"
,,+441614871153,Abacus Roofing,"108 Buxton Rd, Hazel Grove, Stockport SK7 6AJ, United Kingdom","no-website,landline,cat-roofers,bramhall-sk7,high-rating",roofers,5,2,landline,"With a 5-star rating, your reputation speaks for itself — a website would make it even easier for new customers to find you"
,,+447866765384,Joineryspecialist,"81 Clarendon Rd, Hazel Grove, Stockport SK7 4NS, United Kingdom","no-website,mobile,cat-roofers,bramhall-sk7,high-rating",roofers,5,2,mobile,"With a 5-star rating, your reputation speaks for itself — a website would make it even easier for new customers to find you"
,,+447900181999,Bramhall Home Improvements Ltd,"76 Dairyground Rd, Bramhall, Stockport SK7 2LY, United Kingdom","no-website,mobile,cat-handymen,bramhall-sk7,high-rating",handymen,5,2,mobile,"With a 5-star rating, your reputation speaks for itself — a website would make it even easier for new customers to find you"
,,+447970526047,Turner Kitchen Solutions,,"no-website,mobile,cat-kitchen-fitters,bramhall-sk7,high-rating",kitchen fitters,5,2,mobile,"With a 5-star rating, your reputation speaks for itself — a website would make it even easier for new customers to find you"
,,+441614397166,Scrubbers Inc Ltd,"12 Totnes Ave, Bramhall, Stockport SK7 3PH, United Kingdom","no-website,landline,cat-carpet-cleaners,bramhall-sk7,high-rating",carpet cleaners,5,2,landline,"With a 5-star rating, your reputation speaks for itself — a website would make it even easier for new customers to find you"
,,+447857612553,Eves Accountants Ltd,"3, Pownall Place, 81 Bramhall Ln S, Bramhall, Stockport SK7 2EN, United Kingdom","no-website,mobile,cat-accountants,bramhall-sk7",accountants,1,1,mobile,Local customers are searching for accountants in Bramhall — a simple website helps them find you
,,+441614561111,A & B Insurance Brokers,"Universal House | Pepper Road |, Hazel Grove, |, Stockport SK7 5BW, United Kingdom","no-website,landline,cat-insurance-brokers,bramhall-sk7,high-rating",insurance brokers,5,1,landline,"With a 5-star rating, your reputation speaks for itself — a website would make it even easier for new customers to find you"
,,+441625872001,CGIS Ltd,"12 Newstead Cl, Poynton, Stockport SK12 1ES, United Kingdom","no-website,landline,cat-insurance-brokers,bramhall-sk7,high-rating",insurance brokers,5,1,landline,"With a 5-star rating, your reputation speaks for itself — a website would make it even easier for new customers to find you"
,,+441619850076,Rewire Bramhall Electricians,"10A Fir Rd, Bramhall, Stockport SK7 2NP, United Kingdom","no-website,landline,cat-engineers,bramhall-sk7,high-rating",engineers,5,1,landline,"With a 5-star rating, your reputation speaks for itself — a website would make it even easier for new customers to find you"
,,+441614409167,Beauty Foundation,"2 Fir Rd, Bramhall, Stockport SK7 2NP, United Kingdom","no-website,landline,cat-beauty-salons,bramhall-sk7,high-rating",beauty salons,5,1,landline,"With a 5-star rating, your reputation speaks for itself — a website would make it even easier for new customers to find you"
,,+441614881932,Cheadle Car Care,"3 Haslemere Dr, Cheadle Hulme, Cheadle SK8 6JY, United Kingdom","no-website,landline,cat-car-mechanics,bramhall-sk7,high-rating",car mechanics,5,1,landline,"With a 5-star rating, your reputation speaks for itself — a website would make it even easier for new customers to find you"
,,+447707511962,Aurora Garden Services,"264 Councillor Ln, Cheadle Hulme, Cheadle SK8 5PN, United Kingdom","no-website,mobile,cat-gardeners,bramhall-sk7,high-rating",gardeners,5,1,mobile,"With a 5-star rating, your reputation speaks for itself — a website would make it even easier for new customers to find you"
,,+441613009393,Pro Gardening Services Ltd,"Parish Hall Cottage, 20A Church Rd, Cheadle Hulme, Cheadle SK8 7JB, United Kingdom","no-website,landline,cat-gardeners,bramhall-sk7,high-rating",gardeners,5,1,landline,"With a 5-star rating, your reputation speaks for itself — a website would make it even easier for new customers to find you"
,,+441613557447,Maintenance Men of Stockport,"Hall St, Stockport SK1 4DE, United Kingdom","no-website,landline,cat-roofers,bramhall-sk7,high-rating",roofers,5,1,landline,"With a 5-star rating, your reputation speaks for itself — a website would make it even easier for new customers to find you"
,,+441614100915,My Roofers Stockport,,"no-website,landline,cat-roofers,bramhall-sk7,high-rating",roofers,5,1,landline,"With a 5-star rating, your reputation speaks for itself — a website would make it even easier for new customers to find you"
,,+447514471046,mg roofing,,"no-website,mobile,cat-roofers,bramhall-sk7,high-rating",roofers,5,1,mobile,"With a 5-star rating, your reputation speaks for itself — a website would make it even easier for new customers to find you"
,,+447801720095,Timber Frame and Truss Solutions,"1 Hallwood Rd, Handforth, Wilmslow SK9 3BE, United Kingdom","no-website,mobile,cat-roofers,bramhall-sk7",roofers,4,1,mobile,Local customers are searching for roofers in Bramhall — a simple website helps them find you
,,+447565466495,Mgr roofing and lead work,,"no-website,mobile,cat-roofers,bramhall-sk7",roofers,1,1,mobile,Local customers are searching for roofers in Bramhall — a simple website helps them find you
,,+447951647558,DONE BY DAN Landscapes,"Heaviley, Stockport SK1 4NH, United Kingdom","no-website,mobile,cat-landscapers,bramhall-sk7,high-rating",landscapers,5,1,mobile,"With a 5-star rating, your reputation speaks for itself — a website would make it even easier for new customers to find you"
,,+447494619879,All in one window cleaning,,"no-website,mobile,cat-window-cleaners,bramhall-sk7,high-rating",window cleaners,5,1,mobile,"With a 5-star rating, your reputation speaks for itself — a website would make it even easier for new customers to find you"
,,+441614402750,Clarkes,"Shaw House, Bramhall Ln S, Bramhall, Stockport SK7 1AH, United Kingdom","no-website,landline,cat-accountants,bramhall-sk7",accountants,,0,landline,Local customers are searching for accountants in Bramhall — a simple website helps them find you
,,+448437250021,RJF Recruitment Ltd.,"Errwood House, 212 Moss Ln, Bramhall, Stockport SK7 1BD, United Kingdom","no-website,landline,cat-recruitment-agencies,bramhall-sk7",recruitment agencies,,0,landline,Local customers are searching for recruitment agencies in Bramhall — a simple website helps them find you
,,+443302232055,Profile Accountancy Ltd,"103 Woodford Rd, Bramhall, Cheshire, Stockport SK7 1QB, United Kingdom","no-website,landline,cat-accountants,bramhall-sk7",accountants,,0,landline,Local customers are searching for accountants in Bramhall — a simple website helps them find you
,,+441612499400,E People Recruitment Ltd,"Sovereign House, The Bramhall Centre, Bramhall Village Square, Bramhall, Stockport SK7 1AW, United Kingdom","no-website,landline,cat-recruitment-agencies,bramhall-sk7",recruitment agencies,,0,landline,Local customers are searching for recruitment agencies in Bramhall — a simple website helps them find you
,,+441614396060,Net Resource Services Ltd,"11 Lodge Farm Cl, Bramhall, Stockport SK7 3BZ, United Kingdom","no-website,landline,cat-recruitment-agencies,bramhall-sk7",recruitment agencies,,0,landline,Local customers are searching for recruitment agencies in Bramhall — a simple website helps them find you
,,+447852578322,Godric Recruitment,"Rhino Court, 6 Station Vw, Bramhall Moor Ln, Hazel Grove, Stockport SK7 5ER, United Kingdom","no-website,mobile,cat-recruitment-agencies,bramhall-sk7",recruitment agencies,,0,mobile,Local customers are searching for recruitment agencies in Bramhall — a simple website helps them find you
,,+447904130077,W Recruit,,"no-website,mobile,cat-recruitment-agencies,bramhall-sk7",recruitment agencies,,0,mobile,Local customers are searching for recruitment agencies in Bramhall — a simple website helps them find you
,,+447700143623,Stockport Electrician And Plumbing Services,"8 Syddal Rd, Bramhall, Stockport SK7 1AD, United Kingdom","no-website,mobile,cat-plumbers,bramhall-sk7",plumbers,,0,mobile,Local customers are searching for plumbers in Bramhall — a simple website helps them find you
,,+447590420624,Beauty & Holistic Therapy by Natalie,"186 Moss Ln, Bramhall, Stockport SK7 1BD, United Kingdom","no-website,mobile,cat-beauty-salons,bramhall-sk7",beauty salons,,0,mobile,Local customers are searching for beauty salons in Bramhall — a simple website helps them find you
,,+441614391669,Yoga & Shiatsu Therapist Trisha Hills,"Bramhall Ln S, Bramhall, Stockport SK7 2NG, United Kingdom","no-website,landline,cat-yoga-studios,bramhall-sk7",yoga studios,,0,landline,Local customers are searching for yoga studios in Bramhall — a simple website helps them find you
,,+447847319322,mobile vehicle diagnostics and Garage Services,"9 Cartmel Cl, Hazel Grove, Stockport SK7 5AR, United Kingdom","no-website,mobile,cat-car-mechanics,bramhall-sk7",car mechanics,,0,mobile,Local customers are searching for car mechanics in Bramhall — a simple website helps them find you
,,+441614409675,B A P Plumbing,"88 Seal Rd, Cheshire, Bramhall, Stockport SK7 2LB, United Kingdom","no-website,landline,cat-plumbers,bramhall-sk7",plumbers,,0,landline,Local customers are searching for plumbers in Bramhall — a simple website helps them find you
,,+447529734640,THOMSK ELECTRICAL LTD,"8 Truro Cl, Bramhall, Stockport SK7 2QN, United Kingdom","no-website,mobile,cat-electricians,bramhall-sk7",electricians,,0,mobile,Local customers are searching for electricians in Bramhall — a simple website helps them find you
,,+448006889904,GARDENS SERVICES Ltd,"33 Carrwood Ave, Bramhall, Stockport SK7 2PY, United Kingdom","no-website,landline,cat-landscapers,bramhall-sk7",landscapers,,0,landline,Local customers are searching for landscapers in Bramhall — a simple website helps them find you
,,+447857904252,Prestige Garden Care,"7 Birkdale Cl, Bramhall, Stockport SK7 2LN, United Kingdom","no-website,mobile,cat-gardeners,bramhall-sk7",gardeners,,0,mobile,Local customers are searching for gardeners in Bramhall — a simple website helps them find you
,,+441614398088,Reddish Wood Nurseries,"Lytham Dr, Bramhall, Stockport SK7 2LD, United Kingdom","no-website,landline,cat-gardeners,bramhall-sk7",gardeners,,0,landline,Local customers are searching for gardeners in Bramhall — a simple website helps them find you
,,+441619850064,Greystone services ltd,"9a Bramhall Ln S, Bramhall, Stockport SK7 1AL, United Kingdom","no-website,landline,cat-roofers,bramhall-sk7",roofers,,0,landline,Local customers are searching for roofers in Bramhall — a simple website helps them find you
,,+447833747015,Moorend Garden Design,"The Shippon, Moor End Farm, 177 Woodford Rd, Woodford, Stockport SK7 1QE, United Kingdom","no-website,mobile,cat-gardeners,bramhall-sk7",gardeners,,0,mobile,Local customers are searching for gardeners in Bramhall — a simple website helps them find you
,,+447925321283,Gareths Garden Maintenance,,"no-website,mobile,cat-gardeners,bramhall-sk7",gardeners,,0,mobile,Local customers are searching for gardeners in Bramhall — a simple website helps them find you
,,+441614407923,Greenelite Garden Company,,"no-website,landline,cat-gardeners,bramhall-sk7",gardeners,,0,landline,Local customers are searching for gardeners in Bramhall — a simple website helps them find you
,,+447526065292,Citi Fire Protection,"Flynn House, 32 Woodford Rd, Bramhall, Stockport SK7 1PA, United Kingdom","no-website,mobile,cat-gardeners,bramhall-sk7",gardeners,,0,mobile,Local customers are searching for gardeners in Bramhall — a simple website helps them find you
,,+441617580140,Four Seasons Landscaping,,"no-website,landline,cat-gardeners,bramhall-sk7",gardeners,,0,landline,Local customers are searching for gardeners in Bramhall — a simple website helps them find you
,,+441614392328,Bramhall Nurseries,"40 Hall Moss Ln, Bramhall, Cheshire, Stockport SK7 1RD, United Kingdom","no-website,landline,cat-nurseries,bramhall-sk7",nurseries,,0,landline,Local customers are searching for nurseries in Bramhall — a simple website helps them find you
,,+447738428104,Atlas Driving School,,"no-website,mobile,cat-driving-instructors,bramhall-sk7",driving instructors,,0,mobile,Local customers are searching for driving instructors in Bramhall — a simple website helps them find you
,,+447796338885,Modern Body - Private Personal Training Gym,"Hartington Rd, Bramhall, Stockport SK7 2DZ, United Kingdom","no-website,mobile,cat-personal-trainers,bramhall-sk7",personal trainers,,0,mobile,Local customers are searching for personal trainers in Bramhall — a simple website helps them find you
,,+447713244086,Brookwood roofing,"3 Westby Cl, Bramhall, Stockport SK7 2LZ, United Kingdom","no-website,mobile,cat-roofers,bramhall-sk7",roofers,,0,mobile,Local customers are searching for roofers in Bramhall — a simple website helps them find you
,,+441614809326,Jlf building & roofing,"10, Stockport SK25AG, United Kingdom","no-website,landline,cat-roofers,bramhall-sk7",roofers,,0,landline,Local customers are searching for roofers in Bramhall — a simple website helps them find you
,,+447525851788,Hadfield roofing and property restoration,"15 Wood Top Cl, Offerton, Stockport SK2 5EF, United Kingdom","no-website,mobile,cat-roofers,bramhall-sk7",roofers,,0,mobile,Local customers are searching for roofers in Bramhall — a simple website helps them find you
,,+441614337850,Quality Roofers,"Heaton Ln, Stockport SK4 1BS, United Kingdom","no-website,landline,cat-roofers,bramhall-sk7",roofers,,0,landline,Local customers are searching for roofers in Bramhall — a simple website helps them find you
,,+447713124688,Fraser’s building and construction,"Alvanley Cres, Stockport SK3 8NH, United Kingdom","no-website,mobile,cat-roofers,bramhall-sk7",roofers,,0,mobile,Local customers are searching for roofers in Bramhall — a simple website helps them find you
,,+447735752408,Lionswood Roofing & Building Services,"Kingston Business Centre, Chestergate, Stockport SK3 0AL, United Kingdom","no-website,mobile,cat-roofers,bramhall-sk7",roofers,,0,mobile,Local customers are searching for roofers in Bramhall — a simple website helps them find you
,,+447710621504,Stonewardroofing,,"no-website,mobile,cat-roofers,bramhall-sk7",roofers,,0,mobile,Local customers are searching for roofers in Bramhall — a simple website helps them find you
,,+447852140898,Adamson Renovations,,"no-website,mobile,cat-roofers,bramhall-sk7",roofers,,0,mobile,Local customers are searching for roofers in Bramhall — a simple website helps them find you
,,+441617061566,Stockport Property Maintenance,,"no-website,landline,cat-roofers,bramhall-sk7",roofers,,0,landline,Local customers are searching for roofers in Bramhall — a simple website helps them find you
,,+441615096050,Stockport Roofing Specialists,,"no-website,landline,cat-roofers,bramhall-sk7",roofers,,0,landline,Local customers are searching for roofers in Bramhall — a simple website helps them find you
,,+441614015039,Farrell Builders,"210 Stockport Rd, Stockport SK3 0LX, United Kingdom","no-website,landline,cat-roofers,bramhall-sk7",roofers,,0,landline,Local customers are searching for roofers in Bramhall — a simple website helps them find you
,,+447857958414,Logic Property Solutions,"1 Lindbury Ave, Stockport SK2 5SH, United Kingdom","no-website,mobile,cat-roofers,bramhall-sk7",roofers,,0,mobile,Local customers are searching for roofers in Bramhall — a simple website helps them find you
,,+447806430431,Bramhall Tiling Contractors,"28 Wordsworth Rd, Stockport SK5 6JH, United Kingdom","no-website,mobile,cat-tilers,bramhall-sk7",tilers,,0,mobile,Local customers are searching for tilers in Bramhall — a simple website helps them find you
,,+441614393262,Bramhall Tiling,"5 Central Dr, Bramhall, Stockport SK7 3JU, United Kingdom","no-website,landline,cat-tilers,bramhall-sk7",tilers,,0,landline,Local customers are searching for tilers in Bramhall — a simple website helps them find you
,,+447456629471,D&K Fencing Ltd,,"no-website,mobile,cat-fencing-contractors,bramhall-sk7",fencing contractors,,0,mobile,Local customers are searching for fencing contractors in Bramhall — a simple website helps them find you
,,+447565466495,Stockport fencing and landscapes,"420-422 Buxton Rd, Stockport SK2 7JQ, United Kingdom","no-website,mobile,cat-fencing-contractors,bramhall-sk7",fencing contractors,,0,mobile,Local customers are searching for fencing contractors in Bramhall — a simple website helps them find you
,,+447378896665,Bramhall Handyman,,"no-website,mobile,cat-handymen,bramhall-sk7",handymen,,0,mobile,Local customers are searching for handymen in Bramhall — a simple website helps them find you
,,+441615096301,PDS Kitchen Fitters Stockport,,"no-website,landline,cat-kitchen-fitters,bramhall-sk7",kitchen fitters,,0,landline,Local customers are searching for kitchen fitters in Bramhall — a simple website helps them find you
,,+447861141820,Kimbers Windows,,"no-website,mobile,cat-window-cleaners,bramhall-sk7",window cleaners,,0,mobile,Local customers are searching for window cleaners in Bramhall — a simple website helps them find you
,,+447988170426,JPS Window Cleaning Services,,"no-website,mobile,cat-window-cleaners,bramhall-sk7",window cleaners,,0,mobile,Local customers are searching for window cleaners in Bramhall — a simple website helps them find you
,,+441614398244,A1 Carpet Cleaning,"85 Meadway, Cheshire, Bramhall, Stockport SK7 1NL, United Kingdom","no-website,landline,cat-carpet-cleaners,bramhall-sk7",carpet cleaners,,0,landline,Local customers are searching for carpet cleaners in Bramhall — a simple website helps them find you